positive_skew,negative_skew,YJ
1710,0.370889117,-0.370889117
1262,1.942639867,-1.942639867
1786,0.713837987,-0.713837987
1717,1.577300939,-1.577300939
2198,0.84532965,-0.84532965
1362,1.203565919,-1.203565919
1694,0.521034223,-0.521034223
2090,1.376528489,-1.376528489
1774,1.421207432,-1.421207432
1077,1.530830358,-1.530830358
1040,1.432177676,-1.432177676
2324,0.334779768,-0.334779768
912,1.512616418,-1.512616418
1494,0.8763549,-0.8763549
1253,1.260990021,-1.260990021
854,1.176299659,-1.176299659
1004,1.973393904,-1.973393904
1296,1.042601113,-1.042601113
1114,0.959774944,-0.959774944
1339,1.103288296,-1.103288296
2376,0.901385861,-0.901385861
1108,1.348770988,-1.348770988
1795,0.998046132,-0.998046132
1060,1.102380643,-1.102380643
1060,1.845420522,-1.845420522
1600,0.240361927,-0.240361927
900,1.014367686,-1.014367686
1704,0.301102352,-0.301102352
1600,1.490989686,-1.490989686
520,1.17999361,-1.17999361
1317,1.497016626,-1.497016626
1228,1.974205364,-1.974205364
1234,0.081687772,-0.081687772
1700,1.894146063,-1.894146063
1561,0.32864775,-0.32864775
2452,0.23361921,-0.23361921
1097,1.283912575,-1.283912575
1297,1.68031109,-1.68031109
1057,1.81379443,-1.81379443
1152,1.091492423,-1.091492423
1324,1.063485842,-1.063485842
1328,1.177939332,-1.177939332
884,1.23866033,-1.23866033
938,1.613996542,-1.613996542
1150,1.221505544,-1.221505544
1752,0.969705991,-0.969705991
2149,0.382555751,-0.382555751
1656,0.375586306,-0.375586306
1452,1.088129959,-1.088129959
955,1.870115607,-1.870115607
1470,1.687226601,-1.687226601
1176,1.525083439,-1.525083439
816,1.155481559,-1.155481559
1842,1.644315864,-1.644315864
1360,1.803964847,-1.803964847
1425,1.337279343,-1.337279343
1739,1.062678814,-1.062678814
1720,0.24925206,-0.24925206
2945,0.941141806,-0.941141806
780,1.842225102,-1.842225102
1158,0.319089818,-0.319089818
1111,1.902631614,-1.902631614
1370,0.141946887,-0.141946887
1710,1.855899904,-1.855899904
2034,1.678773758,-1.678773758
2473,0.808808732,-0.808808732
2207,1.79425338,-1.79425338
1479,0.795654691,-0.795654691
747,1.382875199,-1.382875199
2287,1.981109612,-1.981109612
2223,1.280930488,-1.280930488
845,1.080117571,-1.080117571
1718,1.246569705,-1.246569705
1086,1.985662889,-1.985662889
1605,1.320042611,-1.320042611
988,1.37406789,-1.37406789
952,1.8187842,-1.8187842
1285,1.32992294,-1.32992294
1768,1.185857941,-1.185857941
1230,1.692613624,-1.692613624
2142,1.736652182,-1.736652182
1337,1.565603772,-1.565603772
1563,0.44546068,-0.44546068
1065,1.249272798,-1.249272798
1474,1.531253796,-1.531253796
2417,1.629958707,-1.629958707
1560,0.276085732,-0.276085732
1224,0.919633744,-0.919633744
1526,1.440675708,-1.440675708
990,1.764354472,-1.764354472
1040,1.937603545,-1.937603545
1235,1.108898815,-1.108898815
964,1.650018261,-1.650018261
2291,1.10992605,-1.10992605
1786,1.086443025,-1.086443025
1470,1.778492111,-1.778492111
1588,1.201832587,-1.201832587
960,1.860994967,-1.860994967
835,1.935584432,-1.935584432
1225,1.035738855,-1.035738855
1610,1.672580233,-1.672580233
1732,1.102601263,-1.102601263
1535,1.688416153,-1.688416153
1226,0.698848474,-0.698848474
1818,1.161521042,-1.161521042
1992,0.355631621,-0.355631621
1047,1.731725647,-1.731725647
789,1.377004196,-1.377004196
1517,1.012240634,-1.012240634
1844,1.072382253,-1.072382253
1855,1.823299991,-1.823299991
1430,0.741051008,-0.741051008
2696,0.242648297,-0.242648297
2259,1.534151871,-1.534151871
2320,1.875740739,-1.875740739
1458,1.689172593,-1.689172593
1092,1.244584636,-1.244584636
1125,0.606179076,-0.606179076
3222,1.569533393,-1.569533393
1456,0.651654841,-0.651654841
988,1.870383917,-1.870383917
1123,1.969650973,-1.969650973
1080,1.758082817,-1.758082817
1199,1.342505877,-1.342505877
1586,1.295613055,-1.295613055
754,1.976037583,-1.976037583
958,1.849139806,-1.849139806
840,1.570792268,-1.570792268
1348,1.716320786,-1.716320786
1053,1.101036191,-1.101036191
2157,1.409348483,-1.409348483
2054,0.577710596,-0.577710596
1327,1.392635193,-1.392635193
1296,0.36646756,-0.36646756
1721,1.611445663,-1.611445663
1682,1.995471995,-1.995471995
1214,1.554412304,-1.554412304
1959,1.425648171,-1.425648171
1852,1.972287594,-1.972287594
1764,1.319676173,-1.319676173
864,1.219482922,-1.219482922
1734,0.035607567,-0.035607567
1385,1.157844465,-1.157844465
1501,1.20349328,-1.20349328
1728,1.696891265,-1.696891265
1709,0.308946034,-0.308946034
875,1.679628541,-1.679628541
2035,0.802100417,-0.802100417
1080,0.369779558,-0.369779558
1344,1.185293328,-1.185293328
969,1.752243509,-1.752243509
1710,0.525729618,-0.525729618
1993,1.716004471,-1.716004471
1252,1.162779785,-1.162779785
1200,1.81983684,-1.81983684
1096,1.888670044,-1.888670044
1040,1.141095354,-1.141095354
1968,0.957978839,-0.957978839
1947,0.62975498,-0.62975498
2462,0.031055315,-0.031055315
1232,1.320414882,-1.320414882
2668,0.458532333,-0.458532333
1541,0.191649499,-0.191649499
882,1.212383878,-1.212383878
1616,1.790654946,-1.790654946
1355,1.701972725,-1.701972725
1867,1.578452127,-1.578452127
2161,0.713153481,-0.713153481
1720,0.404525682,-0.404525682
1707,1.778834852,-1.778834852
1382,1.492978981,-1.492978981
1656,1.037154587,-1.037154587
1767,1.534038058,-1.534038058
1362,1.860861801,-1.860861801
1651,1.744375576,-1.744375576
2158,1.724106669,-1.724106669
2060,1.563429298,-1.563429298
1920,1.66571001,-1.66571001
2234,0.584001941,-0.584001941
968,1.412149096,-1.412149096
1525,0.859907588,-0.859907588
1802,1.007754243,-1.007754243
1340,1.712977727,-1.712977727
2082,0.21141428,-0.21141428
1252,1.167022428,-1.167022428
3608,1.870471542,-1.870471542
1217,1.337775373,-1.337775373
1656,1.165976249,-1.165976249
1224,1.061937724,-1.061937724
1593,0.890840066,-0.890840066
2727,1.000561984,-1.000561984
1479,1.652937141,-1.652937141
1431,1.133153046,-1.133153046
1709,0.247155159,-0.247155159
864,1.677244604,-1.677244604
1456,1.379762257,-1.379762257
1726,0.48505523,-0.48505523
3112,1.642073318,-1.642073318
2229,1.332608751,-1.332608751
1713,0.919561522,-0.919561522
1121,0.213308574,-0.213308574
1279,1.589640716,-1.589640716
1310,1.753082908,-1.753082908
848,0.72068444,-0.72068444
1284,1.61198595,-1.61198595
1442,1.514027991,-1.514027991
1696,1.418525587,-1.418525587
1100,1.349304178,-1.349304178
2062,1.10489064,-1.10489064
1092,1.998447231,-1.998447231
864,1.560763097,-1.560763097
1212,0.773055302,-0.773055302
1852,0.818017974,-0.818017974
990,1.312482957,-1.312482957
1392,1.136108473,-1.136108473
1236,1.684068027,-1.684068027
1436,0.210404787,-0.210404787
1328,1.120475495,-1.120475495
1954,1.972289418,-1.972289418
1248,0.918493565,-0.918493565
1498,0.563961949,-0.563961949
2267,0.063529145,-0.063529145
1552,1.401316159,-1.401316159
864,1.2291056,-1.2291056
2392,0.948151706,-0.948151706
1302,1.594071605,-1.594071605
2520,1.119995476,-1.119995476
987,1.042680321,-1.042680321
912,1.18317207,-1.18317207
1555,0.631427359,-0.631427359
1194,1.340875218,-1.340875218
2794,1.094193796,-1.094193796
987,1.134577008,-1.134577008
894,1.051462691,-1.051462691
1960,0.655541527,-0.655541527
987,1.348986917,-1.348986917
1414,0.66369326,-0.66369326
1744,1.448283931,-1.448283931
1694,0.779495209,-0.779495209
1487,1.932211151,-1.932211151
1566,0.265459199,-0.265459199
866,1.991364362,-1.991364362
1440,1.87848121,-1.87848121
1217,1.904630275,-1.904630275
2110,1.132726921,-1.132726921
1872,1.29683448,-1.29683448
1928,1.633572705,-1.633572705
1375,1.37377789,-1.37377789
1668,0.584301122,-0.584301122
2144,1.237884424,-1.237884424
1306,1.603453362,-1.603453362
1625,0.295765138,-0.295765138
1640,0.580043085,-0.580043085
1302,1.938422736,-1.938422736
1314,1.943071953,-1.943071953
2291,1.998687865,-1.998687865
1728,0.967909508,-0.967909508
1604,0.876467708,-0.876467708
1792,0.420304549,-0.420304549
882,1.162799095,-1.162799095
1382,1.807290441,-1.807290441
2574,0.549833404,-0.549833404
1212,1.455095315,-1.455095315
1316,1.302544896,-1.302544896
764,1.784596093,-1.784596093
1422,1.703398078,-1.703398078
1511,1.069985377,-1.069985377
2192,1.955791424,-1.955791424
778,1.753493363,-1.753493363
1113,1.157255376,-1.157255376
1939,0.316966686,-0.316966686
1363,1.261250653,-1.261250653
2270,1.231904484,-1.231904484
1632,1.330199447,-1.330199447
816,1.646301243,-1.646301243
1548,1.795111371,-1.795111371
1560,0.233849073,-0.233849073
864,1.423712086,-1.423712086
2121,0.897310655,-0.897310655
2022,1.5253231,-1.5253231
1982,1.480305275,-1.480305275
1262,0.502439183,-0.502439183
1314,0.39177957,-0.39177957
1468,0.827385413,-0.827385413
1575,1.08335861,-1.08335861
1250,0.491113993,-0.491113993
1734,1.496130589,-1.496130589
858,1.162000252,-1.162000252
900,1.785522406,-1.785522406
1396,1.836692342,-1.836692342
1919,0.951102012,-0.951102012
1716,1.868205771,-1.868205771
1716,1.652511418,-1.652511418
2263,1.522081398,-1.522081398
1644,1.993110303,-1.993110303
1003,1.689093766,-1.689093766
1558,1.302619484,-1.302619484
1950,1.234429775,-1.234429775
1743,1.242388599,-1.242388599
1152,1.832820262,-1.832820262
1336,1.654507504,-1.654507504
2452,1.542111945,-1.542111945
1541,0.597727181,-0.597727181
894,1.464077497,-1.464077497
3493,1.294529929,-1.294529929
2000,0.509463418,-0.509463418
2243,1.675053524,-1.675053524
1406,1.465980737,-1.465980737
861,1.920567058,-1.920567058
1944,0.640581667,-0.640581667
1501,1.555607959,-1.555607959
972,1.906875135,-1.906875135
1118,1.318588958,-1.318588958
2036,1.965795385,-1.965795385
1641,1.486292087,-1.486292087
1432,0.66938637,-0.66938637
2353,1.473063919,-1.473063919
1959,0.148046791,-0.148046791
2646,1.833627773,-1.833627773
1472,1.669646164,-1.669646164
2596,0.636918688,-0.636918688
2468,0.235361187,-0.235361187
2730,1.735977269,-1.735977269
1163,1.609301173,-1.609301173
2978,1.303585337,-1.303585337
803,1.874681751,-1.874681751
1719,1.9720893,-1.9720893
1383,1.321434764,-1.321434764
2134,1.014705763,-1.014705763
1192,1.538124443,-1.538124443
1728,1.318992231,-1.318992231
1056,1.926560129,-1.926560129
1629,0.799069798,-0.799069798
1358,0.51863228,-0.51863228
1638,1.064331491,-1.064331491
1786,1.982496191,-1.982496191
1922,0.207690522,-0.207690522
1536,0.076096006,-0.076096006
1621,1.275237729,-1.275237729
1215,1.340334998,-1.340334998
1908,0.111472448,-0.111472448
841,1.572313012,-1.572313012
1040,1.335797017,-1.335797017
1684,0.362603212,-0.362603212
1112,1.685551943,-1.685551943
1577,1.319802419,-1.319802419
958,1.744382591,-1.744382591
1478,1.868562651,-1.868562651
1626,0.123801528,-0.123801528
2728,0.797552772,-0.797552772
1869,0.659066613,-0.659066613
1453,1.970163894,-1.970163894
1111,1.380459027,-1.380459027
720,1.941798295,-1.941798295
1595,1.919222885,-1.919222885
1200,1.148632076,-1.148632076
1167,1.83555559,-1.83555559
1142,1.351371262,-1.351371262
1352,1.243485765,-1.243485765
1924,1.530550999,-1.530550999
912,1.49327202,-1.49327202
1505,1.631549949,-1.631549949
1922,0.284967414,-0.284967414
987,1.016110525,-1.016110525
1574,1.499063701,-1.499063701
1344,1.852074027,-1.852074027
1394,1.149823356,-1.149823356
1431,1.862247319,-1.862247319
1268,1.141265168,-1.141265168
1287,1.525636065,-1.525636065
1664,0.025051372,-0.025051372
1588,1.313717401,-1.313717401
752,1.516076112,-1.516076112
1319,1.011893257,-1.011893257
1928,0.315904328,-0.315904328
904,1.052275119,-1.052275119
914,1.326950252,-1.326950252
2466,0.508613457,-0.508613457
1856,0.213876263,-0.213876263
1800,0.252461858,-0.252461858
1691,1.155839539,-1.155839539
1301,0.014591724,-0.014591724
1797,0.453413043,-0.453413043
784,1.138960665,-1.138960665
1953,1.219355159,-1.219355159
1269,0.11498276,-0.11498276
1184,1.337375514,-1.337375514
1125,1.68699622,-1.68699622
1479,1.544457545,-1.544457545
2332,0.755447446,-0.755447446
1367,1.394767914,-1.394767914
1961,0.539969514,-0.539969514
882,1.643752166,-1.643752166
788,1.535951269,-1.535951269
1034,1.963738072,-1.963738072
1144,1.278225849,-1.278225849
894,1.676965742,-1.676965742
1812,1.638466164,-1.638466164
1077,1.175040459,-1.175040459
1550,0.087714713,-0.087714713
1288,1.826056354,-1.826056354
1310,0.984943403,-0.984943403
672,1.953917493,-1.953917493
2263,1.298161181,-1.298161181
1572,1.802740425,-1.802740425
1620,1.994314208,-1.994314208
1639,1.228737259,-1.228737259
1680,1.788606947,-1.788606947
2172,0.591552444,-0.591552444
2078,0.521489129,-0.521489129
1276,1.304821807,-1.304821807
1056,1.411743187,-1.411743187
1478,0.421224637,-0.421224637
1028,1.011320229,-1.011320229
2097,1.593762974,-1.593762974
1340,0.480119634,-0.480119634
1400,1.410254528,-1.410254528
2624,1.84505944,-1.84505944
1134,1.409614414,-1.409614414
1056,1.076324911,-1.076324911
1344,1.850412853,-1.850412853
1602,1.299279182,-1.299279182
988,1.047064783,-1.047064783
2630,1.010774889,-1.010774889
1196,1.412950329,-1.412950329
1389,1.853240102,-1.853240102
1644,1.46115129,-1.46115129
907,1.59130926,-1.59130926
1208,0.222213212,-0.222213212
1412,1.613138236,-1.613138236
987,1.516992418,-1.516992418
1198,1.786349963,-1.786349963
1365,1.488345669,-1.488345669
1604,1.443985935,-1.443985935
630,1.093228763,-1.093228763
1661,1.364215649,-1.364215649
1118,1.194453383,-1.194453383
904,1.301269061,-1.301269061
694,1.995429362,-1.995429362
1196,1.864765659,-1.864765659
2402,0.880005011,-0.880005011
1440,1.650931313,-1.650931313
1573,1.081468054,-1.081468054
1258,0.066437545,-0.066437545
1908,1.167618518,-1.167618518
1689,1.320419839,-1.320419839
1888,1.812260133,-1.812260133
1886,1.087750477,-1.087750477
1376,1.34920986,-1.34920986
1183,1.464558069,-1.464558069
813,1.038011661,-1.038011661
1533,1.402184602,-1.402184602
1756,1.69032004,-1.69032004
1590,0.126689804,-0.126689804
1728,1.182373255,-1.182373255
1242,1.040227476,-1.040227476
1344,1.204430484,-1.204430484
1663,1.373193141,-1.373193141
1666,1.649492954,-1.649492954
1203,1.459079088,-1.459079088
1935,0.914620098,-0.914620098
1135,1.943124971,-1.943124971
864,1.726483273,-1.726483273
1660,1.088015062,-1.088015062
1040,1.484911576,-1.484911576
1414,0.266357282,-0.266357282
1277,1.558418653,-1.558418653
1644,1.39484482,-1.39484482
1634,0.070046807,-0.070046807
1710,1.312745337,-1.312745337
1502,1.287754926,-1.287754926
1969,1.055941533,-1.055941533
1072,0.900383694,-0.900383694
1976,0.654871136,-0.654871136
1652,0.667543165,-0.667543165
970,1.780105468,-1.780105468
1493,1.329612457,-1.329612457
2643,0.885580495,-0.885580495
1718,0.695281678,-0.695281678
1131,1.176072312,-1.176072312
1850,0.079227985,-0.079227985
1792,0.097820803,-0.097820803
1826,1.684414006,-1.684414006
1216,1.120125269,-1.120125269
999,1.135341039,-1.135341039
1113,1.481085613,-1.481085613
1073,1.935684294,-1.935684294
1484,1.437842185,-1.437842185
2414,1.689557516,-1.689557516
630,1.101778109,-1.101778109
1304,1.832581064,-1.832581064
1578,1.43497205,-1.43497205
1456,0.495494198,-0.495494198
1269,1.732453522,-1.732453522
886,1.674026964,-1.674026964
720,1.536861041,-1.536861041
3228,1.389864884,-1.389864884
1820,1.178618016,-1.178618016
899,1.009100939,-1.009100939
912,1.882872006,-1.882872006
1218,1.391806239,-1.391806239
1768,0.491430669,-0.491430669
1214,1.179632753,-1.179632753
1801,1.403651868,-1.403651868
1322,1.170062544,-1.170062544
1960,1.612744886,-1.612744886
1911,1.386379151,-1.386379151
1218,0.139137105,-0.139137105
1378,1.531741833,-1.531741833
1041,1.205549531,-1.205549531
1363,1.046735092,-1.046735092
1368,0.433719787,-0.433719787
864,1.965319248,-1.965319248
1080,1.852836197,-1.852836197
789,1.680895213,-1.680895213
2020,0.648450708,-0.648450708
2119,1.186149003,-1.186149003
2344,1.736214731,-1.736214731
1796,1.316641644,-1.316641644
2080,1.580089216,-1.580089216
1294,1.102135024,-1.102135024
1244,1.092249043,-1.092249043
1664,1.779763415,-1.779763415
4676,0.160822602,-0.160822602
2398,1.716538163,-1.716538163
1266,0.074638562,-0.074638562
928,1.43611762,-1.43611762
2713,0.935731238,-0.935731238
605,1.31694489,-1.31694489
2515,1.185723832,-1.185723832
1509,1.287388764,-1.287388764
1362,1.210583962,-1.210583962
827,1.779578279,-1.779578279
334,1.024024887,-1.024024887
1414,0.236189158,-0.236189158
1347,1.025229726,-1.025229726
1724,1.467081437,-1.467081437
864,1.935621584,-1.935621584
1159,1.006697806,-1.006697806
1601,0.335083965,-0.335083965
1838,0.199518292,-0.199518292
2285,0.114504993,-0.114504993
1680,1.425193571,-1.425193571
767,1.04077792,-1.04077792
1496,0.853451842,-0.853451842
2183,1.639486013,-1.639486013
1635,1.6646564,-1.6646564
768,1.942892815,-1.942892815
825,1.688952343,-1.688952343
2094,0.123341957,-0.123341957
1069,1.302660775,-1.302660775
928,1.895345804,-1.895345804
1717,0.867742533,-0.867742533
1126,1.675555914,-1.675555914
2046,0.999096007,-0.999096007
1048,1.913094599,-1.913094599
1092,1.746974485,-1.746974485
1336,1.460157912,-1.460157912
1446,1.479252875,-1.479252875
1557,0.759456535,-0.759456535
1392,1.802104446,-1.802104446
1389,1.828410779,-1.828410779
996,1.213250849,-1.213250849
1674,1.200272108,-1.200272108
2295,1.150690915,-1.150690915
1647,1.568248124,-1.568248124
2504,0.329182576,-0.329182576
1535,0.187835488,-0.187835488
2132,1.864367193,-1.864367193
943,1.007963457,-1.007963457
1728,1.178887558,-1.178887558
864,1.409630551,-1.409630551
1692,0.351205205,-0.351205205
1430,0.481369587,-0.481369587
1109,1.826171013,-1.826171013
1216,1.228253468,-1.228253468
1477,1.075170665,-1.075170665
1320,1.613986518,-1.613986518
1392,0.347922305,-0.347922305
1795,1.65982947,-1.65982947
1429,1.544046856,-1.544046856
2042,0.032002827,-0.032002827
816,1.760355399,-1.760355399
2775,1.581709324,-1.581709324
1573,1.969092353,-1.969092353
2028,0.265851764,-0.265851764
838,1.625185738,-1.625185738
860,1.599054008,-1.599054008
1473,1.158115232,-1.158115232
935,1.588876447,-1.588876447
1582,0.305800679,-0.305800679
2296,0.616605831,-0.616605831
816,1.258262842,-1.258262842
848,0.893729975,-0.893729975
924,1.721623192,-1.721623192
1826,0.976245811,-0.976245811
1368,1.326323567,-1.326323567
1402,0.805039663,-0.805039663
1647,1.873980096,-1.873980096
1556,1.423771593,-1.423771593
1904,0.674417093,-0.674417093
1375,1.719267871,-1.719267871
1915,1.029018086,-1.029018086
1200,0.654794399,-0.654794399
1494,0.38254165,-0.38254165
1986,1.122431838,-1.122431838
1040,1.108386393,-1.108386393
2008,1.994310584,-1.994310584
3194,1.089674448,-1.089674448
1029,1.87186633,-1.87186633
2153,0.040959375,-0.040959375
1032,1.797151954,-1.797151954
1872,0.98662508,-0.98662508
1120,0.36060728,-0.36060728
630,1.439629683,-1.439629683
1054,1.133752308,-1.133752308
1509,0.857729026,-0.857729026
832,1.985671501,-1.985671501
1828,0.921707934,-0.921707934
2262,0.096981573,-0.096981573
864,1.549777275,-1.549777275
2614,1.480112789,-1.480112789
980,1.40601466,-1.40601466
1512,0.760082703,-0.760082703
1790,1.933540407,-1.933540407
1116,1.430888956,-1.430888956
1422,1.370357796,-1.370357796
1520,1.613372203,-1.613372203
2080,1.9059263,-1.9059263
1350,1.741053203,-1.741053203
1750,1.519989249,-1.519989249
1554,0.002864202,-0.002864202
1411,1.29556892,-1.29556892
1056,1.418635379,-1.418635379
1056,1.206260317,-1.206260317
3395,1.126024904,-1.126024904
800,1.209039879,-1.209039879
1387,1.233789356,-1.233789356
796,1.266915358,-1.266915358
1567,0.38676775,-0.38676775
1518,0.16549071,-0.16549071
1929,0.028711806,-0.028711806
2704,1.537360336,-1.537360336
1620,1.586093167,-1.586093167
1766,0.4219648,-0.4219648
981,1.394688733,-1.394688733
1048,1.596771305,-1.596771305
1094,1.62859859,-1.62859859
1839,1.738738528,-1.738738528
630,1.622778447,-1.622778447
1665,0.902271486,-0.902271486
1510,1.594144191,-1.594144191
1716,1.586845086,-1.586845086
1469,1.804229483,-1.804229483
2113,1.486220263,-1.486220263
1092,1.440407203,-1.440407203
1053,1.564258273,-1.564258273
1502,1.502108761,-1.502108761
1458,1.231343879,-1.231343879
1486,1.905432432,-1.905432432
1935,1.300731291,-1.300731291
2448,1.978368785,-1.978368785
1392,1.286971963,-1.286971963
1181,1.403657455,-1.403657455
2097,0.25668847,-0.25668847
1936,0.401119362,-0.401119362
2380,1.696789728,-1.696789728
1679,1.059962487,-1.059962487
1437,1.712371872,-1.712371872
1180,1.526007017,-1.526007017
1476,0.030177437,-0.030177437
1369,1.53504234,-1.53504234
1208,1.992415952,-1.992415952
1839,1.608032325,-1.608032325
1136,1.443047048,-1.443047048
1441,1.030955068,-1.030955068
1774,1.117054361,-1.117054361
792,1.685348872,-1.685348872
2046,0.705502039,-0.705502039
988,1.934655094,-1.934655094
923,1.048681966,-1.048681966
1520,1.814350748,-1.814350748
1291,1.505851939,-1.505851939
1668,0.418117303,-0.418117303
1839,1.630241057,-1.630241057
2090,1.637665773,-1.637665773
1761,0.546149994,-0.546149994
1102,0.297990419,-0.297990419
1419,0.931112922,-0.931112922
1362,0.484011228,-0.484011228
848,0.11033441,-0.11033441
4316,1.244721348,-1.244721348
2519,1.093896056,-1.093896056
1073,1.113499104,-1.113499104
1539,1.893299965,-1.893299965
1137,1.443626346,-1.443626346
616,1.133136061,-1.133136061
1148,1.554436782,-1.554436782
894,1.617545523,-1.617545523
1391,0.22317987,-0.22317987
1800,0.483168253,-0.483168253
1164,1.592103141,-1.592103141
2576,0.196467152,-0.196467152
1812,1.324565956,-1.324565956
1484,0.113154294,-0.113154294
1092,1.824456504,-1.824456504
1824,1.150152062,-1.150152062
1324,0.431366714,-0.431366714
1456,0.74493289,-0.74493289
904,1.653461485,-1.653461485
729,1.771088088,-1.771088088
1178,1.286572007,-1.286572007
1228,1.302426407,-1.302426407
960,1.654929627,-1.654929627
1479,1.318853745,-1.318853745
1350,1.7520583,-1.7520583
2554,1.330502966,-1.330502966
1178,1.159966769,-1.159966769
2418,1.420083629,-1.420083629
971,1.086262272,-1.086262272
1742,1.473061928,-1.473061928
848,0.195294803,-0.195294803
864,1.239538327,-1.239538327
1470,1.796078326,-1.796078326
1698,0.442511807,-0.442511807
864,1.515081197,-1.515081197
1680,1.875272808,-1.875272808
1232,0.260604409,-0.260604409
1776,1.603065025,-1.603065025
1208,1.459709912,-1.459709912
1616,1.729666116,-1.729666116
1146,0.045633721,-0.045633721
2031,1.927705496,-1.927705496
1144,1.087526302,-1.087526302
948,1.303296273,-1.303296273
1768,1.90745197,-1.90745197
1040,1.924327163,-1.924327163
1801,0.947763076,-0.947763076
1200,1.878465638,-1.878465638
1728,0.777934544,-0.777934544
1432,1.487562149,-1.487562149
912,1.283320214,-1.283320214
1349,0.550605474,-0.550605474
1464,1.984984846,-1.984984846
1337,1.910327974,-1.910327974
2715,1.713432711,-1.713432711
2256,0.884231209,-0.884231209
2640,1.067627937,-1.067627937
1720,1.296413717,-1.296413717
1529,1.586014853,-1.586014853
1140,1.692422997,-1.692422997
1320,0.83376085,-0.83376085
1494,1.753711188,-1.753711188
2098,0.159448226,-0.159448226
1026,1.345019136,-1.345019136
1471,1.61959959,-1.61959959
1768,0.12526997,-0.12526997
1386,1.480694351,-1.480694351
1501,1.3421995,-1.3421995
2531,1.518175504,-1.518175504
864,1.546684197,-1.546684197
1301,1.214955282,-1.214955282
1547,0.177396255,-0.177396255
2365,1.829950067,-1.829950067
1494,1.752633144,-1.752633144
1506,0.330656391,-0.330656391
1714,1.233312681,-1.233312681
1750,1.150678648,-1.150678648
1836,0.663816781,-0.663816781
3279,0.594352009,-0.594352009
858,1.140220773,-1.140220773
1220,1.605069139,-1.605069139
1117,1.004428802,-1.004428802
912,1.815207605,-1.815207605
1973,0.55010271,-0.55010271
1204,1.63117586,-1.63117586
1614,0.075060991,-0.075060991
894,1.116356271,-1.116356271
2020,1.592061816,-1.592061816
1004,1.731971542,-1.731971542
1253,1.04760526,-1.04760526
1603,1.516240871,-1.516240871
1430,0.884329276,-0.884329276
1110,1.770731812,-1.770731812
1484,1.144131662,-1.144131662
1342,1.942333551,-1.942333551
1652,1.088854618,-1.088854618
2084,0.190541207,-0.190541207
901,1.940524371,-1.940524371
2087,1.462243609,-1.462243609
1145,0.869310149,-0.869310149
1062,1.229586552,-1.229586552
2013,1.177719852,-1.177719852
1496,0.381203746,-0.381203746
1895,1.310977262,-1.310977262
1564,1.503330981,-1.503330981
1285,1.747135011,-1.747135011
773,1.401725483,-1.401725483
3140,0.196654966,-0.196654966
1768,1.699136977,-1.699136977
1688,1.762216555,-1.762216555
1196,1.380758013,-1.380758013
1456,0.314541977,-0.314541977
2822,0.595200226,-0.595200226
1128,1.922972321,-1.922972321
1428,0.491753973,-0.491753973
980,1.537312565,-1.537312565
1576,1.146361714,-1.146361714
1086,1.308098072,-1.308098072
2138,1.908295967,-1.908295967
1309,1.879263519,-1.879263519
848,0.052209873,-0.052209873
1044,1.174067678,-1.174067678
1442,1.617753352,-1.617753352
1250,1.420612334,-1.420612334
1661,1.638653817,-1.638653817
1008,1.291600195,-1.291600195
1689,0.866518087,-0.866518087
1052,1.699621131,-1.699621131
1358,0.854991594,-0.854991594
1640,0.198637436,-0.198637436
936,1.871820677,-1.871820677
1733,0.932064114,-0.932064114
1489,1.659630762,-1.659630762
1489,0.009908888,-0.009908888
2084,0.760808031,-0.760808031
784,1.983770812,-1.983770812
1434,0.482295092,-0.482295092
2126,1.915533961,-1.915533961
1223,0.50660879,-0.50660879
1392,1.528017474,-1.528017474
1200,0.472824229,-0.472824229
1829,0.984425378,-0.984425378
1516,1.07646526,-1.07646526
1144,1.667398374,-1.667398374
1067,1.153028149,-1.153028149
1559,1.940371394,-1.940371394
987,1.093929532,-1.093929532
1099,1.729949292,-1.729949292
1200,1.202032933,-1.202032933
1482,1.585207023,-1.585207023
1539,1.530078884,-1.530078884
1165,1.150369923,-1.150369923
1800,1.15490643,-1.15490643
1416,1.423391226,-1.423391226
1701,1.269024728,-1.269024728
1775,1.482487545,-1.482487545
864,1.195151429,-1.195151429
2358,1.597868252,-1.597868252
1855,1.051915191,-1.051915191
848,0.599101649,-0.599101649
1456,0.163530246,-0.163530246
1646,1.857155537,-1.857155537
1445,1.809569082,-1.809569082
1779,1.844027792,-1.844027792
1040,1.193149024,-1.193149024
1026,1.559083305,-1.559083305
1481,1.493559891,-1.493559891
1370,1.676802175,-1.676802175
2654,1.843021235,-1.843021235
1426,1.377500266,-1.377500266
1039,1.877928198,-1.877928198
1097,1.441314322,-1.441314322
1148,1.53737351,-1.53737351
1372,0.211239321,-0.211239321
1002,1.58751433,-1.58751433
1646,0.414958026,-0.414958026
1120,1.354257205,-1.354257205
2320,1.10024473,-1.10024473
1949,1.470198702,-1.470198702
894,1.243386626,-1.243386626
1682,1.616565622,-1.616565622
910,1.904955393,-1.904955393
1268,1.670666332,-1.670666332
1131,1.926067209,-1.926067209
2610,0.267206846,-0.267206846
1040,1.201430551,-1.201430551
2224,0.144664465,-0.144664465
1155,1.874774608,-1.874774608
864,1.215829972,-1.215829972
1090,0.061409728,-0.061409728
1717,1.604508963,-1.604508963
1593,1.600214602,-1.600214602
2230,1.419361731,-1.419361731
892,1.582266977,-1.582266977
1709,1.506687167,-1.506687167
1712,1.983953893,-1.983953893
1393,1.360595013,-1.360595013
2217,1.344104306,-1.344104306
1505,1.24065032,-1.24065032
924,1.589977864,-1.589977864
1683,1.663370286,-1.663370286
1068,1.989564265,-1.989564265
1383,1.185330441,-1.185330441
1535,1.535661682,-1.535661682
1796,1.613539152,-1.613539152
951,1.815195603,-1.815195603
2240,1.389144914,-1.389144914
2364,0.410677098,-0.410677098
1236,1.2148938,-1.2148938
858,1.401096707,-1.401096707
1306,1.057085867,-1.057085867
1509,0.753920986,-0.753920986
1670,0.575536338,-0.575536338
902,1.823132246,-1.823132246
1063,1.381505972,-1.381505972
1636,0.378738646,-0.378738646
2057,1.784888724,-1.784888724
902,1.722142495,-1.722142495
1484,0.985267003,-0.985267003
2274,1.483160356,-1.483160356
1268,1.725521521,-1.725521521
1015,1.110546864,-1.110546864
2002,1.438888985,-1.438888985
1224,0.99900637,-0.99900637
1092,1.304383539,-1.304383539
480,1.408337461,-1.408337461
1229,1.170074795,-1.170074795
2127,1.449573603,-1.449573603
1414,1.54159857,-1.54159857
1721,1.491170259,-1.491170259
2200,1.780074396,-1.780074396
1316,0.263328781,-0.263328781
1617,1.400574696,-1.400574696
1686,1.445177966,-1.445177966
1126,1.821286071,-1.821286071
2374,0.276581296,-0.276581296
1978,1.828619452,-1.828619452
1788,0.10538435,-0.10538435
2236,1.483346239,-1.483346239
1466,0.415380986,-0.415380986
925,1.956891139,-1.956891139
1905,0.987712142,-0.987712142
1500,0.618560807,-0.618560807
2069,1.642285493,-1.642285493
747,1.444081024,-1.444081024
1200,0.57241113,-0.57241113
1971,0.356666609,-0.356666609
1962,0.726477736,-0.726477736
2403,1.569308223,-1.569308223
1728,1.19686472,-1.19686472
2060,1.479687514,-1.479687514
1440,1.139072119,-1.139072119
1632,1.960056788,-1.960056788
1344,1.226885749,-1.226885749
1869,1.902505439,-1.902505439
1144,1.991285474,-1.991285474
1629,0.057762912,-0.057762912
1776,0.757926715,-0.757926715
1381,1.361199229,-1.361199229
864,1.020528567,-1.020528567
965,1.967681672,-1.967681672
768,1.227986731,-1.227986731
1968,1.677179693,-1.677179693
980,1.431227335,-1.431227335
1958,1.311745611,-1.311745611
1229,1.120702672,-1.120702672
1057,1.356824729,-1.356824729
1337,0.279467167,-0.279467167
1416,1.106259668,-1.106259668
858,1.255118284,-1.255118284
2872,1.023582107,-1.023582107
1548,1.33620471,-1.33620471
1800,0.661866299,-0.661866299
1894,0.789974532,-0.789974532
1484,0.305728991,-0.305728991
1308,1.320282883,-1.320282883
1098,1.225234193,-1.225234193
968,1.741642146,-1.741642146
1095,1.396881863,-1.396881863
1192,1.570215351,-1.570215351
1626,0.350535553,-0.350535553
918,1.359140066,-1.359140066
1428,0.226437708,-0.226437708
2019,1.56656264,-1.56656264
1382,0.347976879,-0.347976879
869,1.513013161,-1.513013161
1241,0.31977231,-0.31977231
894,1.729869425,-1.729869425
1121,1.700769545,-1.700769545
999,1.794859896,-1.794859896
2612,1.475262115,-1.475262115
1266,0.829978189,-0.829978189
2290,0.901791323,-0.901791323
1734,1.811383712,-1.811383712
1164,1.070804739,-1.070804739
1635,1.779352153,-1.779352153
1940,0.922252401,-0.922252401
2030,1.9074113,-1.9074113
1576,0.474650064,-0.474650064
2392,1.868914664,-1.868914664
1742,1.885700438,-1.885700438
1851,1.945721812,-1.945721812
1500,0.330710371,-0.330710371
1718,0.593705423,-0.593705423
1230,1.366472323,-1.366472323
1050,1.852609508,-1.852609508
1442,1.642690104,-1.642690104
1077,1.388742175,-1.388742175
1208,0.007976506,-0.007976506
944,1.189366772,-1.189366772
691,1.406067195,-1.406067195
1574,0.279843493,-0.279843493
1680,1.896508902,-1.896508902
1504,0.888821734,-0.888821734
985,1.304029597,-1.304029597
1657,1.790607685,-1.790607685
1092,1.308569725,-1.308569725
1710,0.695745516,-0.695745516
1522,1.099884582,-1.099884582
1271,1.117238794,-1.117238794
1664,1.145715957,-1.145715957
1502,1.403390139,-1.403390139
1022,1.96485313,-1.96485313
1082,1.315210932,-1.315210932
1665,0.738525,-0.738525
1504,1.036537989,-1.036537989
1360,1.059742483,-1.059742483
1472,1.320386475,-1.320386475
1506,0.486536348,-0.486536348
1132,0.534067977,-0.534067977
1220,0.204985643,-0.204985643
1248,1.157590327,-1.157590327
1504,0.645455033,-0.645455033
2898,1.75682996,-1.75682996
882,1.423006371,-1.423006371
1264,1.552964779,-1.552964779
1646,0.592771192,-0.592771192
1376,1.01836624,-1.01836624
1218,1.15123628,-1.15123628
1928,1.665495997,-1.665495997
3082,1.679398714,-1.679398714
2520,1.999218794,-1.999218794
1654,0.557245826,-0.557245826
954,1.078936811,-1.078936811
845,1.405041271,-1.405041271
1620,0.890097301,-0.890097301
2263,0.464133674,-0.464133674
1344,1.084759091,-1.084759091
630,1.632952627,-1.632952627
1803,1.342860634,-1.342860634
1632,1.325380105,-1.325380105
1306,0.914190438,-0.914190438
2329,1.588231895,-1.588231895
2524,1.367909078,-1.367909078
1733,1.425025108,-1.425025108
2868,0.152360403,-0.152360403
990,1.914830413,-1.914830413
1771,1.523647831,-1.523647831
930,1.080438449,-1.080438449
1302,0.459711032,-0.459711032
1316,0.613648006,-0.613648006
1977,1.493740178,-1.493740178
1526,1.863000741,-1.863000741
1989,0.832790421,-0.832790421
1523,1.981798227,-1.981798227
1364,0.793064933,-0.793064933
1850,1.356026732,-1.356026732
2184,0.152832491,-0.152832491
1991,1.750014751,-1.750014751
1338,0.827085259,-0.827085259
894,1.451342717,-1.451342717
2337,1.034198361,-1.034198361
1103,1.982539462,-1.982539462
1154,1.035481929,-1.035481929
2260,1.121384423,-1.121384423
1571,1.942108021,-1.942108021
1611,1.570112915,-1.570112915
2521,1.249523152,-1.249523152
893,1.532275647,-1.532275647
1048,1.520807363,-1.520807363
1556,1.664200421,-1.664200421
1456,1.535266665,-1.535266665
1426,1.195307977,-1.195307977
1240,0.171943168,-0.171943168
1740,1.678783885,-1.678783885
1466,1.612321756,-1.612321756
1096,1.569629476,-1.569629476
848,0.381644046,-0.381644046
990,1.160901817,-1.160901817
1258,1.951763764,-1.951763764
1040,1.438092314,-1.438092314
1459,0.743440739,-0.743440739
1251,1.762542908,-1.762542908
1498,1.213558682,-1.213558682
996,1.795931359,-1.795931359
1092,1.911749012,-1.911749012
1953,0.859489603,-0.859489603
1709,0.680360139,-0.680360139
1247,0.486551891,-0.486551891
1040,1.055960963,-1.055960963
1252,1.908392994,-1.908392994
1694,1.789460119,-1.789460119
1200,1.564207729,-1.564207729
936,1.1415803,-1.1415803
1314,0.971850313,-0.971850313
1355,1.659869385,-1.659869385
1088,1.453922868,-1.453922868
1324,1.677273097,-1.677273097
1601,1.306974636,-1.306974636
438,1.240466458,-1.240466458
950,1.893972672,-1.893972672
1134,1.982454096,-1.982454096
1194,1.234161526,-1.234161526
1302,1.634328839,-1.634328839
2622,1.990240252,-1.990240252
1442,1.622880943,-1.622880943
2021,0.001305836,-0.001305836
1690,0.001619482,-0.001619482
1836,0.127217769,-0.127217769
1658,1.293536008,-1.293536008
1964,1.798917289,-1.798917289
816,1.553326658,-1.553326658
1008,1.823749516,-1.823749516
833,1.331771434,-1.331771434
1734,0.744659025,-0.744659025
1419,0.236129415,-0.236129415
894,1.462381493,-1.462381493
1601,1.653377024,-1.653377024
1040,1.987104103,-1.987104103
1012,1.478317532,-1.478317532
1552,0.314241024,-0.314241024
960,1.226486344,-1.226486344
698,1.743494886,-1.743494886
1482,1.706899945,-1.706899945
1005,1.277968009,-1.277968009
1555,0.093703499,-0.093703499
1530,0.811640488,-0.811640488
1959,0.333521358,-0.333521358
936,1.495492896,-1.495492896
1981,1.846902114,-1.846902114
974,1.595002259,-1.595002259
2210,1.606062453,-1.606062453
2020,1.404826684,-1.404826684
1600,1.31803695,-1.31803695
986,1.252291807,-1.252291807
1252,1.657315477,-1.657315477
1020,1.309849081,-1.309849081
1567,1.585915349,-1.585915349
1167,1.308878319,-1.308878319
952,1.603245368,-1.603245368
1868,1.549331286,-1.549331286
2828,0.205869681,-0.205869681
1006,1.021200186,-1.021200186
924,1.030476761,-1.030476761
1576,1.658414979,-1.658414979
1298,1.432253076,-1.432253076
1564,1.674452499,-1.674452499
1111,1.445010843,-1.445010843
1482,1.6596932,-1.6596932
932,1.524126911,-1.524126911
1466,1.983441359,-1.983441359
1811,1.791407617,-1.791407617
816,1.023198616,-1.023198616
1820,1.233380855,-1.233380855
1437,1.452584631,-1.452584631
1265,1.016946449,-1.016946449
1314,0.201811792,-0.201811792
1580,0.647047797,-0.647047797
1876,1.057964399,-1.057964399
1456,1.151888123,-1.151888123
1640,1.111443158,-1.111443158
894,1.664565635,-1.664565635
1258,1.717814999,-1.717814999
1432,1.463053584,-1.463053584
1502,0.059200057,-0.059200057
1694,0.694610499,-0.694610499
1671,0.443881268,-0.443881268
2108,1.665551099,-1.665551099
3627,1.732900591,-1.732900591
1118,1.068235506,-1.068235506
1261,1.686534675,-1.686534675
1250,0.974521868,-0.974521868
3086,1.02081777,-1.02081777
2345,1.132684878,-1.132684878
2872,1.510406399,-1.510406399
923,1.775859871,-1.775859871
1224,1.334016868,-1.334016868
1343,1.039628933,-1.039628933
1124,1.301718698,-1.301718698
2514,1.374569203,-1.374569203
1652,0.654785233,-0.654785233
4476,1.742565694,-1.742565694
1130,1.589702631,-1.589702631
1572,1.391029877,-1.391029877
1221,1.211459653,-1.211459653
1699,1.858625271,-1.858625271
1624,1.97337973,-1.97337973
1660,0.580298127,-0.580298127
1804,1.640412978,-1.640412978
1622,1.376626184,-1.376626184
1441,1.423476406,-1.423476406
1472,1.373900561,-1.373900561
1224,1.271178516,-1.271178516
1352,1.985368096,-1.985368096
1456,0.458553553,-0.458553553
1863,0.428054003,-0.428054003
1690,1.465506922,-1.465506922
1212,0.914145375,-0.914145375
1382,1.011390728,-1.011390728
864,1.552557811,-1.552557811
1779,1.200982078,-1.200982078
1348,1.368823747,-1.368823747
1630,0.977398495,-0.977398495
1074,1.901452182,-1.901452182
2196,1.497476505,-1.497476505
1056,1.750519255,-1.750519255
1700,0.2316576,-0.2316576
1283,1.771245131,-1.771245131
1660,0.333051952,-0.333051952
1845,1.063041016,-1.063041016
1752,1.240815173,-1.240815173
672,1.948503234,-1.948503234
960,1.096451278,-1.096451278
999,1.793103703,-1.793103703
894,1.345713907,-1.345713907
1902,1.25388804,-1.25388804
1314,0.613195341,-0.613195341
912,1.996629698,-1.996629698
1218,1.787176438,-1.787176438
912,1.119874894,-1.119874894
1211,1.623434137,-1.623434137
1846,1.375230018,-1.375230018
2136,1.628639422,-1.628639422
1490,0.28052086,-0.28052086
1138,1.324224277,-1.324224277
1933,0.79691831,-0.79691831
912,1.865959837,-1.865959837
1702,0.352281749,-0.352281749
1507,1.400755553,-1.400755553
2620,1.192662226,-1.192662226
1190,1.192515594,-1.192515594
1224,1.891117043,-1.891117043
1188,1.949804376,-1.949804376
1964,1.935707182,-1.935707182
1784,1.17114566,-1.17114566
1626,0.875968042,-0.875968042
1948,0.025875592,-0.025875592
1141,0.9093584,-0.9093584
1484,0.535631965,-0.535631965
1768,0.513381429,-0.513381429
1689,0.360978398,-0.360978398
1173,1.715393415,-1.715393415
2076,0.512084213,-0.512084213
1517,1.534981806,-1.534981806
1868,1.566159141,-1.566159141
1553,0.20486804,-0.20486804
1034,1.127308287,-1.127308287
2058,1.781890037,-1.781890037
988,1.815253619,-1.815253619
2110,1.600136291,-1.600136291
1405,0.679407417,-0.679407417
874,1.812049313,-1.812049313
2167,1.796946149,-1.796946149
1656,0.487522131,-0.487522131
1367,1.319883011,-1.319883011
1987,1.376972152,-1.376972152
864,1.448913429,-1.448913429
1166,0.622126193,-0.622126193
1054,1.365994547,-1.365994547
1675,1.102858229,-1.102858229
1050,1.742070367,-1.742070367
1788,1.281612896,-1.281612896
1824,1.785517261,-1.785517261
1337,1.487856961,-1.487856961
1452,1.031675469,-1.031675469
1889,1.105415588,-1.105415588
2018,0.831144994,-0.831144994
3447,1.663365582,-1.663365582
1524,1.91762323,-1.91762323
1524,1.052676588,-1.052676588
1489,1.770484448,-1.770484448
935,1.54140743,-1.54140743
1357,1.279431308,-1.279431308
1250,1.726197321,-1.726197321
1920,1.489921851,-1.489921851
1395,1.788654941,-1.788654941
1724,1.686628583,-1.686628583
2031,0.810181864,-0.810181864
1128,1.456900817,-1.456900817
1573,0.583663469,-0.583663469
1339,1.449898691,-1.449898691
1040,1.907857778,-1.907857778
1824,1.538022656,-1.538022656
2447,1.659379513,-1.659379513
1412,1.66836846,-1.66836846
1328,1.472067396,-1.472067396
1582,1.952926448,-1.952926448
1659,0.989702,-0.989702
1970,0.565625974,-0.565625974
1152,1.780402177,-1.780402177
1302,1.626851321,-1.626851321
2372,1.429782615,-1.429782615
1664,1.639514492,-1.639514492
864,1.761265247,-1.761265247
1052,1.445002503,-1.445002503
1128,1.523431235,-1.523431235
1072,0.420214272,-0.420214272
5642,0.367447798,-0.367447798
1246,1.821813549,-1.821813549
1983,1.483253238,-1.483253238
1494,1.332237762,-1.332237762
2526,1.104401619,-1.104401619
1616,0.464803617,-0.464803617
1708,0.125875762,-0.125875762
1652,0.861342356,-0.861342356
1368,0.019785771,-0.019785771
990,1.067161539,-1.067161539
1122,1.769138433,-1.769138433
1294,1.382060401,-1.382060401
1902,1.466210389,-1.466210389
1274,0.234138816,-0.234138816
2810,1.299942107,-1.299942107
2599,1.241028531,-1.241028531
948,1.38059247,-1.38059247
2112,1.857033715,-1.857033715
1630,0.974053437,-0.974053437
1352,0.051344396,-0.051344396
1787,0.973719812,-0.973719812
948,1.142537289,-1.142537289
1478,1.752191582,-1.752191582
720,1.297825315,-1.297825315
1923,1.504777667,-1.504777667
708,1.010309211,-1.010309211
1795,0.595097945,-0.595097945
796,1.84307845,-1.84307845
774,1.539607319,-1.539607319
816,1.579213733,-1.579213733
2792,1.05918598,-1.05918598
1632,1.321524773,-1.321524773
1588,0.452812413,-0.452812413
954,1.472016837,-1.472016837
816,1.80015369,-1.80015369
1360,1.694375181,-1.694375181
1365,1.043457196,-1.043457196
1334,1.586864944,-1.586864944
1656,1.600282913,-1.600282913
693,1.296824645,-1.296824645
1861,0.861694361,-0.861694361
864,1.770977052,-1.770977052
872,1.147237362,-1.147237362
1114,0.335390487,-0.335390487
2169,0.798441241,-0.798441241
1913,1.318987642,-1.318987642
1456,0.973749662,-0.973749662
960,1.278477988,-1.278477988
2156,1.393189067,-1.393189067
1776,0.471797172,-0.471797172
1494,1.274834141,-1.274834141
2358,1.07545165,-1.07545165
2634,1.84600438,-1.84600438
1716,1.501606566,-1.501606566
1176,1.515568961,-1.515568961
3238,1.357876673,-1.357876673
1865,0.503076062,-0.503076062
1920,1.477923225,-1.477923225
892,1.693576066,-1.693576066
1078,1.420668486,-1.420668486
1573,0.126929306,-0.126929306
1980,0.525685592,-0.525685592
2601,1.090087224,-1.090087224
1530,0.392627206,-0.392627206
1738,1.552046698,-1.552046698
1412,0.499351008,-0.499351008
1200,0.474335354,-0.474335354
1674,0.512068729,-0.512068729
1790,1.137146526,-1.137146526
1475,1.942930676,-1.942930676
848,0.098304733,-0.098304733
1668,0.301592981,-0.301592981
1374,1.615196351,-1.615196351
1661,1.995306674,-1.995306674
2097,1.854209899,-1.854209899
2633,0.430485638,-0.430485638
1958,0.676558609,-0.676558609
1571,0.447622812,-0.447622812
790,1.532822929,-1.532822929
1604,1.003279468,-1.003279468
987,1.406679674,-1.406679674
1394,0.320164929,-0.320164929
864,1.881581964,-1.881581964
2117,1.497408721,-1.497408721
1762,1.840630812,-1.840630812
1416,1.391996069,-1.391996069
1258,1.761099609,-1.761099609
1154,1.219573764,-1.219573764
2784,1.933521568,-1.933521568
2526,1.253039579,-1.253039579
1746,0.337937614,-0.337937614
1218,1.593732065,-1.593732065
1525,0.131501321,-0.131501321
1584,1.571746084,-1.571746084
900,1.805642101,-1.805642101
1912,1.00873992,-1.00873992
1500,0.785725227,-0.785725227
2482,0.134371821,-0.134371821
1687,1.429178732,-1.429178732
1513,1.842997753,-1.842997753
1904,1.847483673,-1.847483673
1608,1.048355413,-1.048355413
1158,1.02556543,-1.02556543
1593,0.532529003,-0.532529003
1294,0.525637558,-0.525637558
1464,0.030737256,-0.030737256
1214,1.637848057,-1.637848057
1646,0.846454215,-0.846454215
768,1.415041953,-1.415041953
833,1.96611219,-1.96611219
1363,1.617499779,-1.617499779
2093,1.041146057,-1.041146057
1840,0.418458392,-0.418458392
1668,1.059711182,-1.059711182
1040,1.310042905,-1.310042905
1844,0.26881176,-0.26881176
1848,1.225137183,-1.225137183
1569,0.79022387,-0.79022387
2290,1.359228184,-1.359228184
2450,1.723105672,-1.723105672
1144,1.198760527,-1.198760527
1844,1.609417338,-1.609417338
1416,1.237191758,-1.237191758
1069,1.749539805,-1.749539805
848,0.40533847,-0.40533847
2201,1.561567035,-1.561567035
1344,1.639748804,-1.639748804
1252,1.772991689,-1.772991689
2127,1.21302671,-1.21302671
1558,1.253319994,-1.253319994
804,1.795652435,-1.795652435
1440,1.531898639,-1.531898639
1838,0.311396089,-0.311396089
958,1.110369782,-1.110369782
968,1.987561962,-1.987561962
1792,0.163008429,-0.163008429
1126,1.370549108,-1.370549108
1537,1.675825884,-1.675825884
864,1.23102367,-1.23102367
1932,0.390707262,-0.390707262
1236,1.317500077,-1.317500077
1725,1.597442653,-1.597442653
2555,1.5087529,-1.5087529
848,0.235454084,-0.235454084
2007,0.21409568,-0.21409568
952,1.384573076,-1.384573076
1422,0.02224307,-0.02224307
913,1.86631677,-1.86631677
1188,1.388629447,-1.388629447
2090,1.971077355,-1.971077355
1346,1.443823156,-1.443823156
630,1.650083944,-1.650083944
1792,1.795263671,-1.795263671
1578,0.696945913,-0.696945913
1072,0.716494856,-0.716494856
1140,0.863137054,-0.863137054
1221,0.034103563,-0.034103563
1647,1.865186234,-1.865186234
2073,1.182233273,-1.182233273
2340,1.404629223,-1.404629223
1078,1.302366667,-1.302366667
1256,1.745722837,-1.745722837
